customer_id,customer_name,city,signup_date
C0001,Customer_1,DELHI,09-02-2024
C0002,Customer_2,delhi,20-04-2025
C0003,Customer_3,Bangalore,19-08-2024
C0004,Customer_4,Pune,08-08-2023
C0005,,Bengaluru,04-03-2024
C0006,Customer_6,delhi,18-07-2024
C0007,Customer_7,Chennai,07-05-2023
C0008,Customer_8,Kolkata,04-10-2024
C0009,Customer_9,Delhi,13-08-2024
C0010,Customer_10,Delhi,15-08-2023
C0011,,DELHI,24-10-2023
C0012,Customer_12,Pune,01-05-2023
C0013,Customer_13,Pune,15-04-2025
C0014,Customer_14,delhi,18-08-2024
C0015,Customer_15,Mumbai,17-01-2024
C0016,Customer_16,,06-03-2023
C0017,Customer_17,Chennai,30-07-2023
C0018,Customer_18,Pune,13-03-2024
C0019,Customer_19,Hyderabad,22-08-2024
C0020,Customer_20,Bangalore,03-11-2023
C0021,Customer_21,DELHI,16-12-2024
C0022,Customer_22,delhi,11-08-2024
C0023,Customer_23,Hyderabad,15-06-2025
C0024,Customer_24,Hyderabad,22-10-2023
C0025,Customer_25,delhi,01-05-2023
C0026,Customer_26,DELHI,14-02-2025
C0027,Customer_27,Hyderabad,07-03-2024
C0028,,Kolkata,21-03-2023
C0029,Customer_29,Chennai,19-03-2025
C0030,Customer_30,Bangalore,15-12-2023
C0031,Customer_31,Chennai,23-05-2024
C0032,Customer_32,Hyderabad,12-03-2023
C0033,Customer_33,mumbai,30-04-2024
C0034,Customer_34,delhi,04-03-2023
C0035,Customer_35,mumbai,24-10-2024
C0036,Customer_36,Kolkata,21-04-2025
C0037,Customer_37,,31-01-2024
C0038,Customer_38,Bangalore,24-01-2023
C0039,Customer_39,Bangalore,22-06-2023
C0040,Customer_40,Hyderabad,02-03-2023
C0041,Customer_41,mumbai,13-05-2023
C0042,Customer_42,Bengaluru,05-02-2024
C0043,Customer_43,Hyderabad,24-03-2023
C0044,Customer_44,Bengaluru,16-07-2024
C0045,Customer_45,DELHI,18-04-2025
C0046,Customer_46,Pune,13-10-2023
C0047,Customer_47,Bangalore,30-11-2024
C0048,Customer_48,Mumbai,04-06-2023
C0049,Customer_49,DELHI,26-08-2023
C0050,Customer_50,Delhi,11-05-2024
C0051,Customer_51,DELHI,27-09-2023
C0052,Customer_52,DELHI,05-03-2024
C0053,Customer_53,Chennai,02-08-2024
C0054,Customer_54,DELHI,08-12-2024
C0055,Customer_55,Chennai,01-11-2024
C0056,Customer_56,Delhi,12-04-2024
C0057,Customer_57,Kolkata,28-03-2025
C0058,Customer_58,Bengaluru,13-02-2024
C0059,Customer_59,Hyderabad,11-10-2024
C0060,Customer_60,Mumbai,10-03-2023
C0061,Customer_61,Hyderabad,16-06-2023
C0062,Customer_62,Chennai,23-02-2023
C0063,Customer_63,Chennai,04-06-2023
C0064,Customer_64,Bangalore,20-09-2024
C0065,,Mumbai,20-09-2024
C0066,Customer_66,Kolkata,16-09-2023
C0067,Customer_67,Chennai,08-01-2024
C0068,Customer_68,delhi,19-05-2025
C0069,Customer_69,Hyderabad,06-05-2024
C0070,Customer_70,delhi,28-05-2023
C0071,Customer_71,Bangalore,28-01-2025
C0072,Customer_72,,15-06-2023
C0073,Customer_73,Mumbai,24-06-2024
C0074,Customer_74,,10-07-2024
C0075,Customer_75,Pune,02-11-2023
C0076,Customer_76,delhi,13-12-2024
C0077,Customer_77,Pune,11-01-2024
C0078,Customer_78,Bangalore,01-03-2025
C0079,Customer_79,Pune,08-03-2025
C0080,Customer_80,Kolkata,17-08-2023
C0081,Customer_81,Mumbai,05-04-2025
C0082,Customer_82,Bengaluru,27-01-2025
C0083,Customer_83,Mumbai,14-06-2024
C0084,Customer_84,,30-01-2023
C0085,Customer_85,mumbai,28-04-2024
C0086,Customer_86,,11-09-2024
C0087,Customer_87,Hyderabad,07-04-2025
C0088,Customer_88,Bangalore,09-01-2024
C0089,Customer_89,delhi,21-08-2023
C0090,Customer_90,Bangalore,29-07-2023
C0091,Customer_91,Chennai,10-05-2025
C0092,,Kolkata,19-12-2023
C0093,Customer_93,delhi,04-05-2025
C0094,Customer_94,Bengaluru,12-03-2025
C0095,Customer_95,Mumbai,04-05-2024
C0096,Customer_96,Bengaluru,19-03-2025
C0097,Customer_97,delhi,31-03-2025
C0098,Customer_98,,10-02-2024
C0099,Customer_99,,28-03-2023
C0100,Customer_100,DELHI,11-05-2023
C0101,,Chennai,21-04-2024
C0102,Customer_102,DELHI,18-09-2024
C0103,Customer_103,Hyderabad,04-11-2024
C0104,Customer_104,DELHI,15-07-2024
C0105,Customer_105,Delhi,15-01-2023
C0106,Customer_106,,27-10-2024
C0107,Customer_107,,23-05-2023
C0108,Customer_108,Mumbai,25-04-2025
C0109,Customer_109,Delhi,15-09-2023
C0110,Customer_110,Pune,04-09-2023
C0111,Customer_111,Bangalore,23-09-2023
C0112,Customer_112,DELHI,04-03-2023
C0113,Customer_113,Bangalore,14-04-2024
C0114,Customer_114,Pune,06-03-2024
C0115,Customer_115,Pune,14-05-2023
C0116,Customer_116,Pune,06-06-2024
C0117,,Hyderabad,06-03-2025
C0118,Customer_118,Delhi,05-03-2025
C0119,Customer_119,DELHI,25-05-2023
C0120,Customer_120,,04-05-2023
C0121,Customer_121,Bangalore,29-11-2024
C0122,Customer_122,Pune,09-05-2024
C0123,Customer_123,delhi,27-07-2024
C0124,Customer_124,Mumbai,11-10-2023
C0125,,delhi,03-06-2024
C0126,Customer_126,Delhi,17-02-2025
C0127,Customer_127,delhi,29-03-2024
C0128,Customer_128,Pune,12-09-2024
C0129,Customer_129,,11-10-2023
C0130,Customer_130,Pune,06-04-2025
C0131,Customer_131,Mumbai,16-12-2024
C0132,Customer_132,mumbai,26-07-2024
C0133,Customer_133,Mumbai,10-05-2025
C0134,Customer_134,Bengaluru,05-05-2023
C0135,Customer_135,Bangalore,16-03-2023
C0136,Customer_136,Bengaluru,16-03-2023
C0137,Customer_137,mumbai,13-03-2025
C0138,Customer_138,DELHI,03-01-2025
C0139,Customer_139,Bangalore,27-05-2023
C0140,Customer_140,DELHI,23-04-2024
C0141,Customer_141,delhi,12-02-2024
C0142,Customer_142,DELHI,14-11-2024
C0143,Customer_143,DELHI,24-12-2024
C0144,Customer_144,Pune,18-02-2024
C0145,Customer_145,Mumbai,01-01-2024
C0146,Customer_146,,10-01-2024
C0147,,Pune,14-04-2024
C0148,Customer_148,Delhi,29-01-2024
C0149,Customer_149,Chennai,30-10-2023
C0150,Customer_150,delhi,26-04-2023
C0151,Customer_151,Mumbai,16-06-2025
C0152,Customer_152,mumbai,06-10-2023
C0153,,DELHI,04-10-2023
C0154,Customer_154,Bengaluru,19-05-2025
C0155,Customer_155,mumbai,20-02-2024
C0156,Customer_156,Pune,07-08-2024
C0157,Customer_157,Bangalore,02-04-2023
C0158,Customer_158,,07-07-2023
C0159,Customer_159,delhi,03-10-2023
C0160,Customer_160,Kolkata,01-04-2023
C0161,Customer_161,delhi,14-09-2024
C0162,Customer_162,delhi,28-09-2023
C0163,Customer_163,Hyderabad,12-01-2023
C0164,Customer_164,Pune,03-03-2024
C0165,Customer_165,mumbai,28-09-2024
C0166,Customer_166,Pune,27-12-2024
C0167,Customer_167,delhi,15-06-2023
C0168,Customer_168,DELHI,26-07-2023
C0169,Customer_169,Kolkata,09-11-2023
C0170,Customer_170,Mumbai,24-10-2023
C0171,Customer_171,Kolkata,02-07-2023
C0172,Customer_172,Delhi,14-09-2023
C0173,,Delhi,20-01-2025
C0174,Customer_174,Mumbai,10-06-2024
C0175,Customer_175,Hyderabad,19-04-2023
C0176,Customer_176,Kolkata,18-03-2024
C0177,Customer_177,Pune,04-05-2025
C0178,Customer_178,Pune,12-11-2023
C0179,Customer_179,Mumbai,17-12-2023
C0180,Customer_180,,16-01-2025
C0181,Customer_181,Bengaluru,22-12-2023
C0182,Customer_182,DELHI,15-01-2023
C0183,Customer_183,,19-06-2025
C0184,Customer_184,DELHI,26-02-2023
C0185,Customer_185,Bengaluru,10-06-2025
C0186,Customer_186,mumbai,05-09-2024
C0187,Customer_187,mumbai,16-02-2023
C0188,Customer_188,DELHI,03-10-2023
C0189,Customer_189,mumbai,08-01-2024
C0190,Customer_190,Pune,28-11-2023
C0191,Customer_191,mumbai,12-08-2023
C0192,Customer_192,Delhi,10-12-2023
C0193,Customer_193,Hyderabad,13-10-2023
C0194,Customer_194,Mumbai,12-09-2023
C0195,Customer_195,Delhi,04-04-2023
C0196,Customer_196,delhi,28-05-2023
C0197,Customer_197,Delhi,08-02-2024
C0198,,mumbai,06-10-2024
C0199,Customer_199,Chennai,25-06-2024
C0200,Customer_200,DELHI,04-11-2024
C0201,Customer_201,Chennai,03-02-2024
C0202,Customer_202,,21-05-2024
C0203,Customer_203,,25-09-2024
C0204,Customer_204,Delhi,24-04-2025
C0205,Customer_205,Pune,04-10-2024
C0206,Customer_206,,11-04-2025
C0207,Customer_207,Pune,09-02-2025
C0208,Customer_208,Delhi,26-04-2025
C0209,Customer_209,,30-11-2024
C0210,Customer_210,Kolkata,24-08-2023
C0211,Customer_211,Delhi,17-05-2023
C0212,Customer_212,delhi,21-01-2024
C0213,Customer_213,Pune,21-02-2023
C0214,Customer_214,Kolkata,28-06-2024
C0215,Customer_215,Hyderabad,28-09-2023
C0216,,delhi,05-02-2025
C0217,Customer_217,Pune,05-04-2023
C0218,Customer_218,delhi,02-02-2025
C0219,Customer_219,mumbai,08-04-2025
C0220,Customer_220,mumbai,29-08-2023
C0221,Customer_221,Mumbai,25-08-2023
C0222,Customer_222,Hyderabad,20-05-2024
C0223,Customer_223,delhi,05-05-2024
C0224,Customer_224,mumbai,24-02-2025
C0225,,Kolkata,20-10-2024
C0226,Customer_226,Chennai,31-05-2023
C0227,Customer_227,Kolkata,31-01-2025
C0228,Customer_228,Chennai,04-08-2024
C0229,Customer_229,Hyderabad,04-03-2023
C0230,Customer_230,Kolkata,12-04-2023
C0231,Customer_231,Kolkata,16-05-2024
C0232,Customer_232,Pune,20-10-2023
C0233,Customer_233,Hyderabad,24-02-2025
C0234,Customer_234,Pune,24-07-2023
C0235,Customer_235,delhi,29-04-2024
C0236,,Hyderabad,20-03-2023
C0237,Customer_237,Hyderabad,03-10-2023
C0238,Customer_238,Mumbai,18-03-2023
C0239,Customer_239,DELHI,04-02-2025
C0240,Customer_240,Bangalore,16-05-2023
C0241,Customer_241,Kolkata,04-06-2024
C0242,Customer_242,delhi,21-12-2024
C0243,Customer_243,Hyderabad,16-06-2025
C0244,Customer_244,Delhi,12-06-2023
C0245,,Hyderabad,28-11-2024
C0246,Customer_246,mumbai,14-01-2025
C0247,Customer_247,Bangalore,21-01-2024
C0248,Customer_248,Bangalore,02-01-2023
C0249,Customer_249,Bangalore,09-05-2025
C0250,Customer_250,Mumbai,31-12-2024
C0251,,,24-10-2023
C0252,Customer_252,delhi,07-02-2024
C0253,Customer_253,Chennai,20-03-2023
C0254,Customer_254,Bengaluru,12-02-2025
C0255,Customer_255,Delhi,15-10-2023
C0256,Customer_256,Kolkata,20-10-2023
C0257,Customer_257,DELHI,13-09-2023
C0258,Customer_258,Bengaluru,07-06-2024
C0259,Customer_259,Bangalore,14-03-2025
C0260,Customer_260,Delhi,11-04-2025
C0261,Customer_261,Bengaluru,15-06-2025
C0262,Customer_262,Pune,28-07-2023
C0263,Customer_263,Delhi,19-01-2025
C0264,Customer_264,Chennai,09-02-2025
C0265,Customer_265,mumbai,12-05-2024
C0266,,Pune,11-05-2023
C0267,Customer_267,Bengaluru,18-12-2023
C0268,Customer_268,mumbai,26-01-2025
C0269,Customer_269,Kolkata,24-09-2023
C0270,Customer_270,Mumbai,05-11-2023
C0271,Customer_271,Kolkata,08-02-2024
C0272,Customer_272,Kolkata,15-06-2023
C0273,Customer_273,Pune,11-04-2025
C0274,Customer_274,Mumbai,08-04-2024
C0275,Customer_275,Hyderabad,13-03-2024
C0276,Customer_276,Mumbai,07-09-2023
C0277,Customer_277,Bangalore,23-07-2024
C0278,Customer_278,Mumbai,13-01-2024
C0279,Customer_279,Chennai,26-07-2023
C0280,Customer_280,,10-06-2025
C0281,Customer_281,Bengaluru,02-02-2025
C0282,Customer_282,Bengaluru,04-10-2023
C0283,Customer_283,Delhi,25-05-2024
C0284,Customer_284,Bangalore,09-05-2023
C0285,Customer_285,Pune,06-10-2024
C0286,Customer_286,Mumbai,05-04-2023
C0287,Customer_287,Mumbai,29-01-2024
C0288,Customer_288,Hyderabad,18-03-2024
C0289,Customer_289,Delhi,11-05-2023
C0290,,,21-02-2025
C0291,Customer_291,Hyderabad,24-08-2024
C0292,Customer_292,delhi,05-02-2024
C0293,Customer_293,Pune,25-05-2025
C0294,Customer_294,Hyderabad,12-09-2023
C0295,Customer_295,Mumbai,08-06-2023
C0296,Customer_296,Kolkata,22-04-2023
C0297,Customer_297,,18-12-2024
C0298,Customer_298,Hyderabad,29-03-2023
C0299,Customer_299,Delhi,02-01-2023
C0300,Customer_300,Mumbai,06-08-2024
C0301,Customer_301,Kolkata,02-01-2025
C0302,Customer_302,DELHI,03-10-2024
C0303,Customer_303,Kolkata,23-03-2024
C0304,Customer_304,delhi,12-04-2023
C0305,Customer_305,Pune,19-08-2024
C0306,Customer_306,mumbai,17-08-2023
C0307,Customer_307,Delhi,11-01-2023
C0308,Customer_308,Hyderabad,13-10-2023
C0309,Customer_309,Kolkata,09-05-2025
C0310,Customer_310,Hyderabad,22-06-2024
C0311,Customer_311,Mumbai,30-01-2023
C0312,Customer_312,,27-10-2024
C0313,Customer_313,Delhi,18-07-2023
C0314,Customer_314,Kolkata,24-10-2024
C0315,Customer_315,mumbai,22-08-2023
C0316,Customer_316,Bangalore,21-08-2023
C0317,Customer_317,,13-12-2023
C0318,Customer_318,Bangalore,29-11-2024
C0319,Customer_319,Delhi,27-03-2025
C0320,Customer_320,Pune,11-03-2023
C0321,Customer_321,Mumbai,16-11-2023
C0322,Customer_322,Mumbai,25-08-2023
C0323,Customer_323,mumbai,17-02-2025
C0324,Customer_324,delhi,30-09-2024
C0325,Customer_325,DELHI,17-08-2023
C0326,Customer_326,Kolkata,27-02-2023
C0327,Customer_327,DELHI,07-02-2024
C0328,Customer_328,Delhi,02-09-2024
C0329,Customer_329,Delhi,27-12-2024
C0330,Customer_330,Bengaluru,05-04-2024
C0331,Customer_331,Bangalore,20-01-2025
C0332,Customer_332,delhi,19-06-2023
C0333,Customer_333,DELHI,30-10-2024
C0334,Customer_334,,23-04-2024
C0335,,Kolkata,12-01-2025
C0336,Customer_336,Bangalore,06-12-2023
C0337,Customer_337,delhi,03-01-2023
C0338,Customer_338,delhi,26-12-2023
C0339,Customer_339,delhi,28-07-2024
C0340,Customer_340,Mumbai,25-01-2024
C0341,Customer_341,mumbai,21-04-2025
C0342,Customer_342,delhi,20-02-2023
C0343,Customer_343,Mumbai,17-01-2024
C0344,Customer_344,Hyderabad,17-07-2023
C0345,Customer_345,,30-04-2024
C0346,,Bengaluru,11-09-2023
C0347,Customer_347,Bengaluru,11-02-2023
C0348,Customer_348,Hyderabad,06-03-2023
C0349,Customer_349,Delhi,21-09-2023
C0350,Customer_350,delhi,12-09-2024
C0351,Customer_351,mumbai,10-12-2023
C0352,Customer_352,Chennai,14-02-2023
C0353,Customer_353,,07-12-2024
C0354,Customer_354,mumbai,01-11-2023
C0355,,Chennai,04-04-2025
C0356,Customer_356,delhi,25-01-2023
C0357,Customer_357,delhi,01-05-2024
C0358,Customer_358,Hyderabad,05-03-2025
C0359,Customer_359,mumbai,16-03-2024
C0360,Customer_360,DELHI,23-05-2024
C0361,Customer_361,,07-11-2023
C0362,Customer_362,DELHI,13-09-2024
C0363,Customer_363,Bangalore,16-04-2024
C0364,Customer_364,Chennai,22-03-2023
C0365,Customer_365,Bengaluru,09-02-2025
C0366,Customer_366,Bengaluru,08-03-2023
C0367,Customer_367,Hyderabad,19-07-2024
C0368,Customer_368,DELHI,12-03-2024
C0369,Customer_369,delhi,29-09-2023
C0370,Customer_370,Mumbai,09-04-2023
C0371,Customer_371,,02-04-2024
C0372,Customer_372,DELHI,02-03-2024
C0373,Customer_373,Kolkata,29-08-2023
C0374,Customer_374,Kolkata,16-02-2025
C0375,Customer_375,mumbai,28-10-2023
C0376,Customer_376,mumbai,17-01-2024
C0377,Customer_377,mumbai,23-07-2023
C0378,Customer_378,DELHI,09-09-2023
C0379,Customer_379,mumbai,15-08-2024
C0380,Customer_380,delhi,10-02-2024
C0381,Customer_381,Mumbai,03-06-2024
C0382,Customer_382,Kolkata,07-04-2025
C0383,Customer_383,Hyderabad,07-02-2023
C0384,Customer_384,Hyderabad,18-04-2025
C0385,Customer_385,Hyderabad,18-01-2024
C0386,,mumbai,27-08-2023
C0387,Customer_387,Mumbai,06-09-2024
C0388,Customer_388,Chennai,18-07-2023
C0389,Customer_389,Bangalore,08-06-2024
C0390,Customer_390,Hyderabad,09-09-2024
C0391,Customer_391,Kolkata,07-01-2023
C0392,Customer_392,Chennai,27-12-2024
C0393,Customer_393,Mumbai,08-02-2023
C0394,Customer_394,DELHI,15-02-2023
C0395,Customer_395,mumbai,09-02-2023
C0396,Customer_396,Kolkata,28-07-2023
C0397,Customer_397,Bangalore,23-02-2024
C0398,Customer_398,DELHI,27-09-2024
C0399,Customer_399,Mumbai,02-02-2023
C0400,Customer_400,Pune,10-05-2024
C0401,Customer_401,delhi,25-03-2025
C0402,Customer_402,Pune,08-06-2023
C0403,Customer_403,delhi,30-10-2024
C0404,Customer_404,,05-10-2023
C0405,Customer_405,mumbai,14-11-2024
C0406,Customer_406,Delhi,16-11-2023
C0407,Customer_407,Bangalore,29-02-2024
C0408,Customer_408,Bangalore,21-10-2024
C0409,Customer_409,,19-02-2024
C0410,Customer_410,Delhi,20-03-2024
C0411,Customer_411,Bengaluru,27-04-2023
C0412,Customer_412,Bengaluru,14-08-2024
C0413,Customer_413,Hyderabad,02-03-2025
C0414,Customer_414,Delhi,22-02-2023
C0415,Customer_415,Kolkata,05-04-2025
C0416,Customer_416,delhi,09-08-2024
C0417,Customer_417,Bangalore,24-01-2025
C0418,Customer_418,DELHI,23-12-2023
C0419,Customer_419,Pune,25-06-2023
C0420,Customer_420,delhi,28-01-2024
C0421,Customer_421,Mumbai,05-11-2023
C0422,Customer_422,Delhi,09-05-2024
C0423,Customer_423,Chennai,13-10-2024
C0424,Customer_424,,27-09-2024
C0425,Customer_425,DELHI,17-10-2024
C0426,Customer_426,Mumbai,27-09-2024
C0427,Customer_427,Mumbai,29-04-2025
C0428,Customer_428,Chennai,12-08-2023
C0429,,Pune,10-06-2023
C0430,Customer_430,delhi,03-06-2023
C0431,Customer_431,,15-04-2025
C0432,Customer_432,Delhi,29-07-2024
C0433,Customer_433,Kolkata,09-02-2023
C0434,Customer_434,Bangalore,01-05-2023
C0435,Customer_435,Hyderabad,17-07-2024
C0436,Customer_436,mumbai,26-10-2024
C0437,Customer_437,Chennai,13-09-2023
C0438,Customer_438,Kolkata,12-01-2024
C0439,Customer_439,Hyderabad,03-07-2023
C0440,,Chennai,16-05-2024
C0441,Customer_441,Hyderabad,20-02-2025
C0442,Customer_442,Hyderabad,06-05-2025
C0443,Customer_443,Hyderabad,14-02-2024
C0444,Customer_444,DELHI,03-01-2024
C0445,Customer_445,delhi,01-04-2025
C0446,Customer_446,Pune,03-11-2024
C0447,,Kolkata,14-05-2023
C0448,Customer_448,,18-11-2023
C0449,Customer_449,Pune,23-03-2023
C0450,Customer_450,Pune,22-01-2024
C0451,Customer_451,DELHI,27-01-2023
C0452,Customer_452,Chennai,19-01-2025
C0453,Customer_453,delhi,18-07-2023
C0454,Customer_454,Hyderabad,22-10-2023
C0455,Customer_455,DELHI,03-12-2024
C0456,Customer_456,Mumbai,09-03-2023
C0457,Customer_457,Chennai,13-02-2025
C0458,Customer_458,Bangalore,20-09-2024
C0459,Customer_459,Hyderabad,28-05-2023
C0460,Customer_460,Hyderabad,02-08-2023
C0461,Customer_461,Chennai,02-06-2024
C0462,Customer_462,Bangalore,07-02-2023
C0463,Customer_463,Bengaluru,15-06-2023
C0464,Customer_464,mumbai,26-11-2024
C0465,Customer_465,Bengaluru,22-06-2023
C0466,Customer_466,mumbai,28-04-2023
C0467,Customer_467,Delhi,13-10-2024
C0468,Customer_468,Hyderabad,22-07-2024
C0469,Customer_469,,18-04-2023
C0470,Customer_470,Pune,06-10-2024
C0471,Customer_471,,27-03-2025
C0472,Customer_472,Bengaluru,13-01-2024
C0473,Customer_473,Bangalore,05-12-2023
C0474,Customer_474,Hyderabad,24-08-2023
C0475,Customer_475,,19-02-2023
C0476,Customer_476,Pune,17-09-2023
C0477,Customer_477,Chennai,10-11-2024
C0478,Customer_478,,02-01-2023
C0479,Customer_479,Mumbai,02-06-2023
C0480,Customer_480,Kolkata,18-03-2024
C0481,Customer_481,Bangalore,18-02-2023
C0482,Customer_482,Mumbai,19-09-2024
C0483,Customer_483,Delhi,25-02-2023
C0484,,Bangalore,08-11-2023
C0485,Customer_485,Bangalore,30-06-2024
C0486,Customer_486,Chennai,05-11-2023
C0487,Customer_487,Mumbai,11-01-2024
C0488,Customer_488,Hyderabad,12-06-2023
C0489,Customer_489,Mumbai,25-12-2024
C0490,Customer_490,delhi,07-03-2023
C0491,Customer_491,Kolkata,11-03-2025
C0492,Customer_492,mumbai,12-01-2023
C0493,Customer_493,Pune,25-12-2023
C0494,Customer_494,Chennai,30-03-2024
C0495,Customer_495,Pune,21-01-2025
C0496,Customer_496,DELHI,01-01-2023
,,,
,,,
,,,
,,,
,,,
,,,
,,,
,,,
,,,
,,,
,,,
,,,
,,,
,,,
,,,
,,,
,,,
,,,
,,,
,,,
,,,
,,,
,,,
,,,
