order_item_id,order_id,product_id,quantity,unit_price
1,O00380,P033,2,
2,O00857,P010,1,
3,O00589,P007,2,77415
4,O00112,P045,2,49066
5,O00322,P036,2,58380
6,O00137,P023,1,
7,O00288,P070,0,
8,O00046,P062,2,87380
9,O00409,P015,1,
10,O00395,P022,2,
11,O00609,P006,3,12037
12,O01134,P076,3,74274
13,O00147,P072,,
14,O00103,P040,,27760
15,O00766,P044,2,49981
16,O00084,P066,,
17,O00327,P080,3,
18,O00913,P065,1,55890
19,O00648,P022,,
20,O01129,P069,3,
21,O00594,P076,0,59441
22,O00835,P067,4,33632
23,O00065,P070,3,39413
24,O00262,P005,3,64252
25,O00586,P010,2,60248
26,O00549,P040,4,
27,O00912,P047,0,
28,O00418,P030,4,86798
29,O00693,P062,3,3196
30,O00305,P071,1,45795
31,O00250,P053,1,58339
32,O00144,P030,3,45160
33,O00882,P014,0,25382
34,O00065,P014,3,26826
35,O00310,P063,1,18188
36,O00200,P054,4,38823
37,O00208,P020,3,
38,O00426,P021,3,
39,O00312,P052,2,
40,O00823,P023,1,56996
41,O01173,P025,2,
42,O00335,P015,3,58610
43,O00231,P077,3,3653
44,O00478,P050,2,
45,O00684,P048,1,43082
46,O01134,P017,0,
47,O00068,P027,1,
48,O00782,P038,1,
49,O00381,P030,4,77807
50,O00851,P016,1,75924
51,O00288,P067,0,
52,O01139,P066,4,
53,O00789,P028,4,41806
54,O00680,P047,1,
55,O00334,P043,4,32506
56,O00660,P032,3,
57,O00232,P049,0,5975
58,O00494,P035,4,63803
59,O00478,P002,1,87951
60,O01169,P060,2,
61,O00369,P077,4,72873
62,O00124,P021,1,35077
63,O00863,P012,3,
64,O01185,P059,1,
65,O01009,P012,2,
66,O01008,P056,4,67556
67,O00618,P038,0,46592
68,O00085,P022,1,67925
69,O00460,P015,3,
70,O00186,P029,4,47894
71,O00232,P078,,74303
72,O00057,P037,1,82020
73,O00163,P015,3,87048
74,O00502,P018,3,
75,O01199,P044,2,
76,O01138,P047,2,
77,O00333,P021,0,26913
78,O01153,P047,4,
79,O00502,P023,0,
80,O00827,P048,0,
81,O00161,P049,2,43040
82,O00615,P052,1,66145
83,O00011,P026,,
84,O00679,P072,2,25409
85,O00703,P072,,
86,O00732,P020,,42154
87,O00887,P071,,18565
88,O01035,P079,1,18662
89,O00354,P040,3,
90,O01116,P070,,
91,O00206,P022,4,
92,O00282,P047,4,
93,O01174,P008,0,
94,O00863,P079,,
95,O00958,P035,1,
96,O00920,P003,,31116
97,O00977,P012,0,
98,O00262,P024,2,42160
99,O00144,P078,1,18261
100,O00609,P048,1,
101,O01101,P080,0,
102,O01002,P021,0,39349
103,O00871,P039,0,
104,O00048,P057,,
105,O00953,P008,0,
106,O00189,P040,1,87671
107,O00812,P079,,19809
108,O00651,P033,,61817
109,O00334,P059,2,29895
110,O00697,P035,0,
111,O01090,P018,0,41057
112,O01035,P006,2,
113,O01035,P057,3,61489
114,O00947,P065,4,4482
115,O00690,P052,2,21964
116,O01012,P064,0,87243
117,O00508,P021,,21196
118,O01133,P024,4,
119,O01000,P026,0,33602
120,O00106,P074,1,35561
121,O00580,P045,0,16884
122,O00364,P037,4,
123,O00074,P041,4,1249
124,O00309,P033,2,
125,O00505,P033,2,
126,O00793,P052,4,62219
127,O00463,P052,0,
128,O01056,P013,2,
129,O00459,P066,2,
130,O00611,P072,4,51854
131,O00239,P020,1,
132,O00868,P021,4,
133,O00996,P057,0,67021
134,O01150,P013,1,27114
135,O00056,P005,0,
136,O00689,P069,4,29524
137,O00624,P076,0,
138,O00979,P074,2,85963
139,O00307,P048,1,
140,O00285,P072,2,
141,O00128,P033,,
142,O00912,P074,1,
143,O00352,P027,1,34509
144,O00860,P012,3,
145,O00914,P033,1,40337
146,O00956,P029,3,32804
147,O00522,P015,2,
148,O00131,P043,0,15174
149,O00498,P033,4,
150,O00285,P027,3,5806
151,O01095,P050,4,86377
152,O00279,P029,3,
153,O00186,P080,,58762
154,O00937,P075,,63388
155,O00605,P023,4,
156,O00621,P020,1,
157,O00034,P060,,
158,O00108,P011,0,49358
159,O00727,P002,1,34931
160,O00432,P076,2,26248
161,O00642,P017,3,
162,O00811,P019,0,
163,O00369,P020,3,3870
164,O00295,P057,0,
165,O00287,P044,1,
166,O01200,P022,1,
167,O00046,P038,3,
168,O01048,P015,1,
169,O00230,P039,1,
170,O00488,P079,4,84451
171,O00314,P016,1,69521
172,O00390,P039,4,59186
173,O00649,P014,4,30891
174,O00356,P026,3,63944
175,O00999,P051,,73898
176,O00626,P015,,6530
177,O00381,P034,2,21109
178,O01080,P050,,37198
179,O00395,P020,,
180,O00147,P055,2,
181,O00022,P016,,3183
182,O00440,P011,1,81463
183,O01081,P020,3,77824
184,O00766,P009,1,15310
185,O01162,P039,,3534
186,O00844,P047,2,
187,O00167,P003,1,
188,O00075,P062,1,
189,O00608,P078,,
190,O00535,P038,4,58815
191,O01002,P076,2,
192,O01106,P073,0,13790
193,O00345,P040,,
194,O00468,P013,4,
195,O00554,P076,0,37413
196,O00765,P038,2,76291
197,O00301,P003,3,60818
198,O01187,P039,,
199,O01065,P013,,65979
200,O00425,P030,3,16064
201,O00919,P066,,39176
202,O01159,P048,2,55033
203,O01174,P077,,32592
204,O01155,P060,3,
205,O00758,P018,,
206,O01048,P072,1,11423
207,O00265,P023,3,
208,O00253,P052,4,
209,O00542,P039,0,
210,O00155,P061,0,86125
211,O00557,P006,2,52389
212,O00550,P010,4,26649
213,O00615,P022,0,74631
214,O00412,P052,0,75650
215,O00046,P066,4,25631
216,O00595,P019,,45255
217,O00004,P005,1,
218,O00468,P072,2,48108
219,O01104,P059,4,44572
220,O00124,P077,3,
221,O01089,P022,1,
222,O01120,P062,3,
223,O00328,P019,0,
224,O01112,P043,3,
225,O01199,P035,2,
226,O00731,P056,2,50794
227,O00746,P002,4,83748
228,O00862,P001,1,30940
229,O00393,P033,2,
230,O00331,P060,0,
231,O00575,P032,4,
232,O01144,P008,3,
233,O01070,P016,,3756
234,O01043,P071,2,
235,O00309,P070,4,35845
236,O01197,P052,2,
237,O00442,P074,0,83343
238,O00097,P077,4,26396
239,O00280,P073,0,
240,O01045,P065,3,
241,O00282,P005,3,34317
242,O00196,P020,3,57368
243,O00812,P058,4,62222
244,O00988,P015,0,
245,O00575,P015,2,
246,O00337,P027,2,28405
247,O00716,P022,3,25651
248,O00032,P058,4,
249,O00807,P008,2,
250,O01028,P009,4,
251,O00987,P062,0,
252,O00252,P053,2,
253,O00847,P076,4,32169
254,O00053,P040,0,65419
255,O01148,P051,1,
256,O01049,P042,1,80536
257,O01028,P026,2,
258,O00845,P004,1,8269
259,O01095,P063,0,65624
260,O01034,P013,,50612
261,O01134,P002,4,83322
262,O00270,P053,,9582
263,O00888,P070,,
264,O00935,P063,1,
265,O00863,P064,0,
266,O00398,P015,0,79531
267,O01093,P039,1,80383
268,O00300,P022,,
269,O01133,P061,2,47054
270,O00927,P049,1,
271,O00466,P043,3,
272,O00141,P073,4,
273,O00169,P056,4,
274,O00384,P080,0,63653
275,O00159,P062,,6915
276,O00571,P022,1,20373
277,O01139,P033,1,
278,O00900,P072,2,
279,O01061,P049,2,70309
280,O00248,P079,,
281,O00661,P032,4,68636
282,O00615,P045,2,
283,O00166,P072,3,
284,O01056,P068,3,
285,O00351,P016,2,1124
286,O00909,P071,0,9421
287,O00901,P043,1,21420
288,O00092,P018,3,
289,O00517,P075,1,
290,O00277,P063,1,
291,O00250,P040,2,
292,O00429,P034,1,24846
293,O00005,P062,,
294,O01024,P024,3,
295,O01127,P052,,59721
296,O00780,P033,,
297,O00812,P018,,
298,O00265,P032,0,
299,O00123,P026,3,1827
300,O00287,P042,1,37939
301,O00295,P070,2,
302,O00722,P012,3,
303,O00083,P021,2,
304,O01034,P012,0,
305,O00195,P017,2,
306,O00354,P053,0,
307,O00298,P004,4,
308,O00015,P031,,58098
309,O00821,P059,,
310,O01018,P050,1,39396
311,O00448,P037,3,
312,O01099,P056,3,59240
313,O00029,P025,0,63996
314,O00511,P049,,
315,O00198,P058,1,75295
316,O00382,P055,3,65815
317,O00165,P051,1,
318,O00365,P066,4,
319,O00861,P062,4,45952
320,O00098,P072,1,
321,O01120,P051,0,21448
322,O01138,P053,,17811
323,O00900,P042,4,62359
324,O00246,P076,4,
325,O00581,P023,3,
326,O00368,P053,0,4278
327,O01046,P069,4,
328,O00938,P055,1,62400
329,O00605,P026,0,
330,O00580,P062,2,41654
331,O00470,P026,4,49705
332,O01159,P062,4,48916
333,O01086,P014,2,10020
334,O00596,P067,1,77444
335,O00131,P053,0,47007
336,O01153,P076,2,32438
337,O00092,P043,3,51530
338,O00468,P064,0,
339,O00519,P064,,
340,O00777,P020,1,
341,O00322,P045,3,
342,O00917,P031,4,40149
343,O00216,P069,4,
344,O00464,P006,0,
345,O00030,P022,2,13111
346,O00836,P020,,40575
347,O00559,P009,2,73525
348,O00686,P017,4,
349,O00177,P006,1,64844
350,O00158,P005,0,53824
351,O00175,P048,4,31530
352,O00383,P024,4,
353,O01194,P059,0,
354,O00185,P077,0,86726
355,O01110,P072,1,25987
356,O00060,P047,0,
357,O00999,P062,1,73733
358,O00055,P050,2,82192
359,O01100,P002,1,59279
360,O00523,P076,0,49730
361,O00672,P064,2,
362,O00261,P039,2,84046
363,O00078,P072,4,76107
364,O00502,P033,4,
365,O01199,P074,1,78227
366,O00238,P076,0,42292
367,O00282,P027,4,
368,O00316,P063,1,
369,O00418,P042,4,1072
370,O00850,P038,0,18948
371,O00041,P080,0,28000
372,O00364,P069,4,
373,O00130,P026,3,53187
374,O00062,P003,1,39900
375,O00829,P025,,
376,O01090,P053,0,
377,O01149,P048,,
378,O00285,P039,3,68501
379,O00324,P035,0,60638
380,O00996,P052,0,74550
381,O00920,P033,0,
382,O00554,P043,2,
383,O00045,P056,3,
384,O00049,P072,3,
385,O00102,P066,3,
386,O00433,P047,1,84615
387,O00368,P044,1,
388,O00066,P055,3,12365
389,O00648,P064,3,
390,O00788,P044,4,82660
391,O00183,P072,2,63332
392,O00698,P043,2,33013
393,O01034,P078,0,
394,O00468,P032,2,
395,O00905,P033,,
396,O00465,P069,0,65775
397,O00309,P064,3,
398,O00438,P025,0,
399,O00053,P055,,
400,O00906,P006,0,
401,O00655,P011,3,
402,O00275,P063,2,
403,O00190,P076,1,
404,O00178,P049,2,
405,O00422,P075,3,
406,O00472,P062,3,
407,O01057,P045,1,65410
408,O00481,P026,2,
409,O00008,P059,4,
410,O00044,P044,2,
411,O01054,P072,0,85189
412,O00640,P047,0,11246
413,O00587,P014,,6682
414,O00755,P076,4,61671
415,O00756,P035,3,
416,O00953,P025,4,
417,O00552,P027,3,89775
418,O00255,P025,0,
419,O00020,P068,0,
420,O01164,P003,,64992
421,O00577,P077,0,34177
422,O00998,P004,4,75133
423,O00479,P068,1,
424,O00460,P060,2,
425,O01057,P019,1,84345
426,O00596,P017,4,55174
427,O00610,P001,4,
428,O00574,P065,1,
429,O00519,P052,0,18830
430,O00383,P063,2,20031
431,O00212,P017,,56043
432,O00178,P035,1,
433,O00155,P059,0,
434,O00592,P066,,
435,O00523,P067,2,
436,O00386,P012,3,31320
437,O01071,P030,1,7170
438,O00491,P024,1,13134
439,O00723,P062,0,28649
440,O00564,P039,0,
441,O00955,P019,,79031
442,O01193,P061,2,6562
443,O00040,P072,2,
444,O00118,P027,4,
445,O00250,P043,0,
446,O01045,P010,0,7238
447,O01057,P076,1,65737
448,O00354,P074,1,17905
449,O00221,P055,0,
450,O00996,P056,2,74529
451,O00647,P067,4,20321
452,O01089,P034,3,
453,O00755,P057,1,
454,O00779,P051,4,
455,O00645,P076,1,
456,O01037,P031,,
457,O01125,P007,0,38475
458,O01000,P052,3,
459,O00133,P022,2,59761
460,O00354,P033,4,59239
461,O01107,P015,2,25406
462,O00365,P015,3,78823
463,O00023,P019,1,
464,O00640,P009,0,59337
465,O00622,P079,2,
466,O00999,P054,4,
467,O00160,P076,2,58608
468,O01089,P028,,
469,O00087,P057,,24826
470,O00990,P009,3,
471,O00682,P015,3,
472,O00631,P062,,
473,O01163,P058,1,
474,O01178,P022,3,
475,O00907,P066,3,34379
476,O00210,P058,0,21450
477,O00205,P034,0,
478,O01166,P078,2,
479,O00174,P057,2,29009
480,O00005,P023,4,40971
481,O00778,P061,4,21285
482,O01190,P007,4,85492
483,O00782,P023,,
484,O00289,P049,3,
485,O01177,P047,0,
486,O00854,P018,2,85411
487,O00942,P010,,
488,O00233,P052,0,
489,O01023,P009,3,
490,O00900,P014,3,73092
491,O00338,P042,,33581
492,O00606,P036,3,
493,O00267,P033,0,
494,O00871,P074,1,
495,O00047,P073,3,
496,O01082,P076,,
497,O00504,P031,4,72340
498,O00858,P059,1,41014
499,O00505,P016,4,86598
500,O00377,P071,3,
501,O01170,P078,0,43461
502,O00273,P036,3,
503,O00845,P030,1,12124
504,O00482,P045,,25471
505,O00014,P044,3,
506,O00983,P076,0,68653
507,O00878,P023,,
508,O01090,P004,2,49207
509,O01020,P018,,55972
510,O00892,P022,1,
511,O00516,P003,0,
512,O00397,P004,,
513,O01124,P017,3,
514,O00015,P065,0,21697
515,O00507,P017,2,72109
516,O00474,P041,2,18536
517,O00526,P022,4,
518,O00129,P017,3,
519,O00349,P071,3,
520,O00756,P052,3,12513
521,O00413,P078,4,
522,O01111,P073,3,
523,O01132,P020,3,43209
524,O01110,P003,,
525,O00011,P024,0,56246
526,O00028,P041,1,20064
527,O00322,P059,1,49701
528,O00114,P044,0,21140
529,O00824,P059,0,6728
530,O00165,P039,3,
531,O00288,P041,1,47300
532,O00794,P010,3,73601
533,O00713,P058,3,
534,O00140,P040,0,
535,O00115,P020,4,
536,O00065,P068,3,
537,O00042,P053,,
538,O00385,P018,2,
539,O00203,P052,4,
540,O00947,P031,1,
541,O00813,P031,2,
542,O00109,P021,,76518
543,O00392,P062,3,
544,O00223,P010,3,40871
545,O01182,P005,3,
546,O00636,P010,,
547,O00334,P073,,87651
548,O00004,P017,1,
549,O00681,P002,3,63663
550,O00631,P048,,4605
551,O00545,P006,1,
552,O00429,P012,,53458
553,O00594,P030,3,86838
554,O01178,P072,1,59291
555,O00771,P075,3,70508
556,O00875,P063,0,29487
557,O00948,P010,4,17209
558,O00529,P017,,
559,O00024,P031,2,
560,O00318,P044,1,53600
561,O00113,P037,1,2991
562,O00807,P039,0,74538
563,O00412,P077,0,
564,O00313,P061,4,61800
565,O00662,P052,1,13783
566,O00757,P079,3,
567,O01042,P063,2,31275
568,O00882,P048,0,
569,O00502,P043,1,77281
570,O00605,P045,4,
571,O00953,P044,3,44156
572,O00293,P019,2,
573,O00085,P060,,
574,O01034,P065,1,1283
575,O00505,P028,4,71106
576,O00571,P043,3,
577,O00902,P010,,35575
578,O00024,P010,,73847
579,O00095,P074,3,3409
580,O00396,P054,1,39706
581,O00262,P003,3,
582,O00876,P031,,70351
583,O00282,P013,,
584,O00239,P069,0,34393
585,O01124,P013,2,11222
586,O01067,P058,2,24413
587,O00399,P067,3,63166
588,O00318,P053,,
589,O00520,P011,1,
590,O01030,P019,4,
591,O01062,P053,4,78514
592,O00161,P055,2,
593,O00267,P070,2,17778
594,O00372,P057,,
595,O00299,P004,,48776
596,O00817,P003,1,57557
597,O00117,P031,2,
598,O00865,P058,2,
599,O01058,P014,2,
600,O00839,P057,,15822
601,O00304,P056,3,
602,O01128,P052,4,21644
603,O01140,P049,4,
604,O00911,P052,0,13678
605,O00464,P072,4,
606,O00805,P031,0,
607,O00809,P011,,89620
608,O00018,P061,4,
609,O00174,P079,4,
610,O00788,P060,3,
611,O00090,P077,,21940
612,O00763,P048,2,
613,O00995,P032,4,52315
614,O00459,P056,,
615,O00734,P027,2,46288
616,O00927,P009,1,
617,O00073,P061,2,61594
618,O00343,P001,4,
619,O00946,P067,4,
620,O00468,P068,0,
621,O00117,P045,4,
622,O00549,P046,0,
623,O00175,P070,3,
624,O00352,P032,3,
625,O01072,P005,0,
626,O00897,P079,0,
627,O00216,P050,,56199
628,O00442,P046,1,84208
629,O00041,P019,,
630,O00650,P052,0,83661
631,O00004,P041,,36009
632,O00571,P003,3,45627
633,O00368,P003,1,10513
634,O00485,P001,,
635,O00776,P062,1,16837
636,O00310,P002,4,
637,O00766,P051,2,16776
638,O00170,P078,1,69031
639,O00836,P059,,
640,O00051,P068,0,
641,O00151,P011,2,
642,O01031,P023,3,45765
643,O00642,P008,3,
644,O00975,P065,4,27108
645,O00964,P067,1,27541
646,O00407,P053,2,
647,O01100,P040,1,45409
648,O01174,P074,2,54493
649,O00627,P010,1,
650,O00458,P040,,17163
651,O00634,P007,0,
652,O01073,P027,1,
653,O01057,P080,,56159
654,O00948,P031,3,
655,O00131,P072,3,83877
656,O01039,P023,4,35626
657,O00193,P008,3,
658,O00915,P062,3,76680
659,O00144,P017,1,
660,O01099,P010,1,
661,O00453,P003,2,
662,O01127,P001,,34936
663,O00777,P049,2,
664,O00293,P034,0,32950
665,O00517,P018,4,35502
666,O00077,P042,3,
667,O00062,P065,3,78931
668,O00148,P020,1,
669,O01069,P011,4,
670,O01021,P062,2,17015
671,O00356,P072,1,1682
672,O00128,P024,,
673,O00564,P076,,82299
674,O00149,P068,1,
675,O00482,P026,,
676,O01069,P015,2,59238
677,O01086,P015,2,74869
678,O00646,P036,2,35088
679,O00351,P074,1,89258
680,O01153,P030,3,51033
681,O00907,P013,4,
682,O00966,P021,2,
683,O00645,P062,0,
684,O00287,P068,0,28493
685,O00247,P069,2,
686,O00059,P024,2,
687,O01160,P061,3,
688,O01074,P029,1,
689,O01021,P004,0,
690,O00289,P014,3,32503
691,O00598,P068,3,50042
692,O00530,P073,4,
693,O00383,P010,,
694,O00823,P039,2,
695,O00012,P073,4,
696,O00952,P056,4,
697,O00355,P063,4,55126
698,O00208,P039,4,35587
699,O01074,P033,1,59596
700,O00759,P046,,4392
701,O00864,P021,,41406
702,O00120,P014,4,
703,O00766,P010,2,58585
704,O00880,P045,4,66547
705,O00294,P068,3,
706,O00021,P059,1,
707,O00448,P047,3,20698
708,O00843,P041,3,55016
709,O01073,P078,1,
710,O00715,P027,3,30474
711,O00967,P043,4,18131
712,O00002,P075,,
713,O00239,P072,,
714,O00818,P043,0,
715,O00724,P069,,
716,O00473,P040,3,55590
717,O00472,P037,4,67159
718,O00750,P026,3,
719,O00309,P029,4,
720,O00551,P063,0,
721,O00380,P027,4,10850
722,O00772,P065,0,
723,O01165,P016,1,47793
724,O01136,P029,4,11282
725,O00717,P048,3,20749
726,O01157,P017,1,
727,O00364,P074,4,
728,O00945,P029,4,35884
729,O00944,P001,1,53114
730,O01042,P031,,80887
731,O00635,P014,3,
732,O01068,P033,0,
733,O00753,P072,2,81763
734,O00758,P018,4,
735,O00555,P027,0,71451
736,O00555,P040,3,7758
737,O00919,P060,1,31193
738,O00781,P033,4,21466
739,O00820,P015,2,
740,O00325,P058,2,14722
741,O00178,P059,3,68841
742,O00770,P024,2,21083
743,O00064,P052,1,81086
744,O00392,P013,1,11886
745,O00310,P021,2,
746,O00155,P031,1,
747,O00577,P017,1,51939
748,O01076,P013,0,
749,O00723,P070,,13844
750,O00050,P075,0,59466
751,O00219,P012,3,
752,O00312,P052,1,
753,O00705,P031,3,
754,O00471,P043,3,17304
755,O00154,P032,,
756,O00691,P028,2,
757,O00180,P079,2,
758,O00833,P002,1,24004
759,O00957,P074,3,
760,O01185,P013,3,
761,O01046,P024,,26623
762,O00411,P065,,
763,O00887,P013,2,
764,O01017,P011,0,15003
765,O00215,P033,0,50638
766,O00920,P046,4,
767,O00117,P009,,
768,O01184,P048,0,57955
769,O01163,P074,4,79969
770,O00248,P024,1,77289
771,O00356,P075,4,
772,O00851,P003,,35218
773,O00822,P069,,66329
774,O00390,P076,1,
775,O00317,P033,2,
776,O00292,P069,2,51475
777,O00545,P031,3,44184
778,O00390,P018,3,
779,O00375,P040,1,
780,O01084,P004,0,40306
781,O00195,P079,4,35495
782,O00958,P021,4,
783,O00310,P012,0,
784,O00858,P015,2,68648
785,O00684,P005,3,84879
786,O01048,P063,,56180
787,O00748,P003,,47111
788,O01046,P005,4,8018
789,O00745,P051,1,43166
790,O00292,P026,1,
791,O00103,P066,,63348
792,O00458,P032,2,12440
793,O00366,P004,3,
794,O00302,P017,,
795,O00192,P005,4,
796,O00887,P078,2,6791
797,O00054,P016,0,
798,O01071,P025,0,
799,O00296,P035,4,55012
800,O00766,P052,2,24908
801,O00686,P001,1,9337
802,O01034,P014,,76493
803,O01163,P024,3,20563
804,O00254,P006,0,
805,O00123,P019,1,10901
806,O01050,P047,4,11652
807,O00678,P023,,19753
808,O00270,P070,3,34499
809,O00902,P029,4,74896
810,O00300,P054,3,
811,O01071,P021,2,39849
812,O00020,P047,0,
813,O00435,P035,4,8783
814,O00679,P062,3,
815,O00917,P013,4,20524
816,O00675,P007,0,82381
817,O01074,P062,0,
818,O00860,P010,0,
819,O00576,P020,3,
820,O00144,P073,,61970
821,O00345,P017,4,
822,O00171,P052,3,
823,O00271,P033,,10444
824,O00807,P021,4,32743
825,O00707,P057,1,
826,O00136,P078,0,86702
827,O00723,P038,,30232
828,O00578,P002,4,49415
829,O00248,P072,1,75907
830,O01017,P063,4,72473
831,O00756,P009,1,
832,O00580,P010,2,
833,O00946,P064,0,
834,O00751,P022,1,
835,O00051,P080,0,45528
836,O00621,P078,,
837,O01192,P013,3,
838,O01140,P070,,17010
839,O01085,P032,3,
840,O00408,P077,2,
841,O00120,P050,4,41680
842,O00947,P068,3,72470
843,O00529,P028,1,
844,O00001,P064,1,25696
845,O00321,P065,4,
846,O01174,P074,0,
847,O00254,P041,,
848,O00627,P017,3,18722
849,O00027,P025,,
850,O00339,P044,1,43654
851,O00760,P026,3,
852,O00982,P007,1,61681
853,O00278,P010,,23970
854,O00019,P050,3,
855,O00198,P076,4,72707
856,O00430,P071,3,86702
857,O00084,P019,2,
858,O00089,P052,4,
859,O00498,P053,2,
860,O00041,P034,,
861,O00205,P060,4,55826
862,O00913,P052,,
863,O00464,P066,2,18375
864,O00077,P025,0,
865,O01160,P045,0,
866,O00527,P039,4,29153
867,O00556,P069,,16783
868,O01030,P022,4,54952
869,O00242,P038,2,60844
870,O00407,P079,0,57240
871,O00266,P011,3,15710
872,O00944,P019,3,
873,O00425,P020,3,
874,O00134,P032,2,
875,O00165,P033,0,76814
876,O00375,P011,1,89556
877,O00538,P055,,87063
878,O00536,P012,3,63340
879,O00079,P015,0,
880,O00288,P052,1,49905
881,O01163,P048,,
882,O00994,P027,2,
883,O00492,P048,4,22799
884,O01124,P004,2,26159
885,O01111,P037,,36257
886,O00261,P056,2,
887,O01191,P022,,65655
888,O00577,P026,1,37838
889,O00880,P074,,39530
890,O00470,P006,1,
891,O00670,P072,3,
892,O00002,P020,4,
893,O00880,P049,2,68172
894,O00742,P025,1,
895,O00072,P062,2,
896,O00210,P070,4,
897,O00097,P066,4,42949
898,O01179,P072,1,
899,O00038,P050,0,76969
900,O00186,P006,3,25516
901,O00960,P078,1,
902,O00806,P070,1,
903,O00344,P073,,3245
904,O00402,P003,2,
905,O01125,P072,0,
906,O00060,P002,4,
907,O00345,P028,4,
908,O00066,P016,4,10847
909,O00011,P029,1,
910,O01035,P050,0,
911,O00856,P055,,39713
912,O00840,P010,1,53068
913,O00015,P065,,
914,O00896,P034,4,
915,O01061,P019,3,
916,O00626,P052,4,82526
917,O00804,P051,3,
918,O00328,P005,1,32552
919,O00913,P078,1,
920,O00170,P012,1,
921,O00300,P012,2,50028
922,O00292,P077,1,73488
923,O00806,P065,1,71730
924,O00483,P060,2,
925,O00973,P059,0,15618
926,O00867,P076,1,72171
927,O01047,P046,3,
928,O01022,P068,,
929,O00322,P047,0,
930,O00495,P062,2,
931,O00990,P027,3,
932,O00238,P058,4,40604
933,O00176,P051,1,56001
934,O00646,P029,4,58030
935,O00414,P047,0,
936,O00549,P028,3,38757
937,O00452,P022,2,
938,O00405,P027,3,
939,O00779,P067,2,6503
940,O00143,P066,3,23851
941,O00589,P025,4,
942,O00442,P077,1,
943,O00258,P072,,12628
944,O00930,P040,,
945,O00167,P078,,24986
946,O01006,P024,1,
947,O00398,P068,4,5967
948,O00783,P060,,
949,O00026,P068,3,9971
950,O00037,P034,4,
951,O00170,P022,4,
952,O00838,P041,0,84151
953,O00152,P072,1,
954,O00829,P010,1,
955,O00212,P025,3,
956,O00424,P028,3,
957,O00970,P065,4,18022
958,O00231,P057,0,15609
959,O01192,P066,1,23433
960,O00109,P009,2,
961,O00310,P022,2,
962,O01174,P029,0,26699
963,O00612,P079,1,
964,O00830,P048,,
965,O00603,P047,3,67544
966,O00846,P076,2,54223
967,O00458,P018,2,
968,O00293,P020,0,72487
969,O01198,P011,3,1846
970,O00485,P066,4,
971,O01054,P066,2,35025
972,O00215,P063,2,
973,O00781,P060,,
974,O00555,P035,3,
975,O00656,P076,1,69014
976,O00919,P061,0,38926
977,O00437,P010,2,
978,O00958,P039,3,15564
979,O00863,P003,1,
980,O01046,P005,,26558
981,O00569,P051,3,
982,O00300,P068,0,53459
983,O00674,P067,,
984,O00339,P034,4,21744
985,O00613,P033,3,
986,O00383,P022,,1960
987,O00142,P038,4,27961
988,O00612,P060,1,11160
989,O01027,P033,4,
990,O00240,P039,,
991,O00754,P033,,57995
992,O00383,P068,4,88163
993,O00993,P010,1,
994,O00176,P001,0,35681
995,O00849,P014,1,
996,O00735,P041,,
997,O01103,P011,,33021
998,O00862,P030,2,43618
999,O00921,P073,2,
1000,O01082,P031,4,
1001,O01049,P072,1,16284
1002,O00969,P022,2,
1003,O00814,P045,0,
1004,O00783,P079,,51743
1005,O00689,P038,3,87097
1006,O00750,P041,0,
1007,O00161,P010,0,
1008,O01133,P037,,49374
1009,O00718,P052,1,14892
1010,O00529,P035,,80686
1011,O01084,P042,4,18216
1012,O00786,P037,3,
1013,O00720,P062,1,
1014,O00444,P031,2,
1015,O00613,P069,3,38738
1016,O01128,P064,1,
1017,O00055,P065,1,79727
1018,O00443,P061,,
1019,O00294,P066,3,
1020,O00987,P016,0,
1021,O00180,P077,4,32031
1022,O01118,P015,4,11671
1023,O00219,P006,1,
1024,O00342,P017,0,
1025,O00750,P055,0,20137
1026,O00537,P052,4,31337
1027,O00032,P062,2,
1028,O00469,P008,3,
1029,O00851,P076,,65523
1030,O00722,P036,2,
1031,O00760,P059,1,
1032,O00009,P027,,
1033,O00348,P059,,
1034,O00387,P067,1,6700
1035,O00825,P016,0,34956
1036,O00966,P041,3,
1037,O00185,P063,3,
1038,O01040,P040,3,71147
1039,O00680,P021,0,39332
1040,O01143,P067,1,
1041,O00561,P061,,55463
1042,O00072,P045,3,61791
1043,O00696,P051,,
1044,O00025,P048,2,
1045,O01000,P026,3,
1046,O00020,P022,4,
1047,O01154,P017,0,
1048,O00147,P032,3,1953
1049,O01090,P036,1,28453
1050,O01191,P034,2,
1051,O00491,P001,0,
1052,O00945,P007,1,38130
1053,O00337,P062,0,
1054,O00852,P030,0,
1055,O00111,P032,2,
1056,O00918,P071,0,
1057,O00028,P025,2,
1058,O00173,P037,2,
1059,O00937,P022,2,12347
1060,O01032,P080,3,
1061,O00760,P070,3,
1062,O00775,P005,1,
1063,O00642,P065,0,27058
1064,O00225,P036,0,
1065,O00979,P020,2,6079
1066,O00050,P033,2,
1067,O00153,P026,3,6620
1068,O00556,P062,3,
1069,O00011,P021,,
1070,O00618,P017,4,86147
1071,O00703,P063,1,25656
1072,O00328,P053,2,44929
1073,O00203,P004,2,
1074,O00272,P052,4,
1075,O00208,P011,,
1076,O00970,P050,4,23013
1077,O00677,P017,1,
1078,O00186,P004,,24955
1079,O00059,P039,0,
1080,O01017,P019,,
1081,O00072,P025,1,35780
1082,O00489,P063,3,84965
1083,O00886,P012,3,
1084,O00752,P076,3,
1085,O00821,P037,4,
1086,O00619,P010,,
1087,O00101,P062,,
1088,O00253,P019,2,29779
1089,O00240,P019,0,
1090,O00998,P049,4,
1091,O01174,P011,4,
1092,O00067,P015,2,
1093,O00731,P039,,69940
1094,O00559,P068,2,
1095,O00204,P025,0,26361
1096,O00993,P006,1,76911
1097,O00524,P048,1,
1098,O00539,P011,1,
1099,O00293,P051,1,32522
1100,O00536,P033,0,4232
1101,O00104,P033,0,58232
1102,O00018,P068,,
1103,O00465,P073,4,12806
1104,O00053,P017,1,53317
1105,O00343,P051,0,2530
1106,O00477,P008,0,
1107,O00032,P079,2,
1108,O00327,P023,3,
1109,O00022,P003,1,14054
1110,O00629,P079,1,80319
1111,O01093,P004,1,25734
1112,O00729,P041,2,
1113,O00679,P002,,52963
1114,O01172,P023,,
1115,O00390,P033,2,44741
1116,O00292,P054,4,
1117,O00320,P030,1,75716
1118,O00490,P023,4,48471
1119,O00827,P073,0,59778
1120,O00708,P032,1,74948
1121,O00060,P027,1,53586
1122,O00298,P034,4,
1123,O00832,P068,3,
1124,O00723,P068,,
1125,O00873,P063,3,55180
1126,O00758,P059,1,
1127,O00772,P017,,
1128,O01058,P012,2,
1129,O00887,P056,3,8864
1130,O00090,P030,,
1131,O00556,P062,3,
1132,O00248,P063,4,
1133,O01029,P033,3,54325
1134,O00333,P043,2,
1135,O00227,P030,3,65476
1136,O01132,P064,1,
1137,O01124,P002,0,
1138,O00523,P059,0,79384
1139,O00345,P072,4,
1140,O00192,P033,3,
1141,O00973,P079,1,
1142,O00338,P035,4,
1143,O00159,P018,3,42452
1144,O00599,P077,3,
1145,O00999,P012,3,89980
1146,O00155,P014,2,
1147,O00640,P007,4,
1148,O01090,P024,1,
1149,O00584,P054,0,
1150,O00870,P013,3,
1151,O00104,P061,1,20923
1152,O00734,P027,0,
1153,O00635,P039,0,
1154,O00862,P068,1,
1155,O00328,P007,4,
1156,O00712,P080,0,24250
1157,O00101,P004,1,88764
1158,O00486,P025,,79076
1159,O00013,P044,3,14562
1160,O00348,P044,1,
1161,O01195,P020,0,
1162,O00529,P008,,
1163,O01136,P020,1,75188
1164,O00632,P058,4,
1165,O00120,P072,1,35729
1166,O00667,P034,3,47907
1167,O00405,P033,4,
1168,O00097,P046,3,9098
1169,O00310,P039,0,
1170,O00740,P026,1,23817
1171,O01081,P020,3,
1172,O00999,P042,0,19386
1173,O00850,P017,4,36949
1174,O00750,P020,,20808
1175,O00691,P014,1,
1176,O01129,P051,4,
1177,O00492,P017,1,33752
1178,O00250,P067,2,30826
1179,O00544,P001,4,5740
1180,O00554,P078,1,53426
1181,O00169,P069,2,
1182,O00190,P010,4,
1183,O00984,P016,3,36124
1184,O00305,P033,0,
1185,O00218,P068,2,
1186,O00281,P042,,
1187,O01177,P044,,80449
1188,O00398,P049,3,2979
1189,O00725,P021,,84653
1190,O01139,P049,3,38500
1191,O00394,P051,,86499
1192,O01099,P020,3,
1193,O00587,P020,4,4575
1194,O01124,P050,0,
1195,O00289,P038,2,77948
1196,O00202,P041,1,
1197,O00821,P059,3,
1198,O00241,P023,2,
1199,O01028,P035,,43260
1200,O00716,P067,2,
1201,O00115,P054,0,64414
1202,O00033,P050,3,
1203,O01008,P030,4,
1204,O00140,P064,2,59468
1205,O00227,P064,3,
1206,O00309,P060,0,28975
1207,O00868,P007,3,36451
1208,O01113,P080,3,63208
1209,O00818,P010,,6954
1210,O00788,P076,2,
1211,O01103,P047,2,
1212,O00216,P065,4,
1213,O00039,P052,1,
1214,O00614,P056,3,
1215,O00404,P019,4,31345
1216,O00382,P060,0,10270
1217,O00776,P033,0,18331
1218,O00264,P079,2,3742
1219,O00566,P018,2,
1220,O00304,P009,0,82068
1221,O01009,P003,1,40345
1222,O01003,P041,1,
1223,O00860,P033,,39720
1224,O00489,P076,3,30154
1225,O00543,P047,2,27083
1226,O01081,P076,4,62668
1227,O01165,P020,4,
1228,O00564,P052,3,56322
1229,O00093,P048,0,19544
1230,O01039,P024,1,45881
1231,O00834,P046,1,
1232,O00943,P040,4,
1233,O00581,P047,1,89224
1234,O00503,P063,1,21381
1235,O00347,P072,2,56618
1236,O00491,P041,4,75675
1237,O00817,P052,0,63723
1238,O01009,P075,2,50229
1239,O01024,P001,0,15040
1240,O00466,P045,4,
1241,O01028,P070,3,
1242,O00739,P074,2,48395
1243,O00647,P006,4,
1244,O00015,P025,,
1245,O00160,P078,4,61607
1246,O00145,P063,4,57212
1247,O00058,P076,2,
1248,O00505,P006,4,81691
1249,O00014,P039,,
1250,O00926,P048,4,
1251,O01046,P036,2,1626
1252,O00028,P003,,
1253,O00583,P020,4,64903
1254,O00683,P050,4,33085
1255,O00027,P054,3,49038
1256,O00426,P020,4,
1257,O00863,P024,1,74329
1258,O01006,P018,4,
1259,O00279,P033,1,70498
1260,O00947,P062,0,
1261,O00085,P046,0,76395
1262,O00181,P024,1,
1263,O00150,P042,0,35410
1264,O00235,P025,0,85365
1265,O00908,P026,1,
1266,O00075,P071,0,77028
1267,O00129,P010,,89446
1268,O01182,P002,,55994
1269,O00624,P046,2,
1270,O00897,P002,,21876
1271,O00936,P074,2,
1272,O00075,P040,2,
1273,O00443,P005,1,40732
1274,O00022,P041,,23536
1275,O00561,P037,1,
1276,O00204,P062,3,
1277,O00529,P038,1,56616
1278,O00783,P014,2,7298
1279,O00848,P022,3,9588
1280,O01131,P020,0,
1281,O01080,P052,4,
1282,O00080,P046,1,84550
1283,O01045,P075,3,67962
1284,O00536,P051,3,54184
1285,O00693,P045,3,57773
1286,O00903,P027,1,
1287,O00889,P017,4,29917
1288,O00754,P015,,
1289,O00077,P015,,
1290,O00294,P031,0,
1291,O00680,P062,2,74431
1292,O01011,P043,3,52631
1293,O00002,P026,0,61323
1294,O00085,P012,4,
1295,O00113,P033,3,69715
1296,O00279,P075,1,25729
1297,O01049,P064,0,35441
1298,O00223,P033,3,
1299,O00097,P032,4,
1300,O00644,P071,1,
1301,O00253,P010,4,60785
1302,O00228,P014,,
1303,O00779,P069,,12529
1304,O00955,P014,0,34146
1305,O01152,P065,1,
1306,O00574,P030,2,
1307,O00018,P012,1,
1308,O00215,P028,,
1309,O00269,P010,3,22464
1310,O00169,P029,1,
1311,O01073,P023,,42365
1312,O00045,P044,4,
1313,O00804,P068,3,
1314,O00430,P008,1,20782
1315,O00056,P022,4,
1316,O00686,P066,3,
1317,O01162,P011,2,86191
1318,O00362,P019,,
1319,O00516,P043,4,5346
1320,O00546,P017,4,7617
1321,O00972,P013,1,
1322,O01048,P066,2,23192
1323,O01022,P027,3,
1324,O00837,P059,1,
1325,O00556,P047,3,
1326,O00755,P054,,
1327,O00383,P076,3,
1328,O00640,P077,1,38206
1329,O00147,P055,1,43198
1330,O00571,P014,4,
1331,O00964,P058,0,4043
1332,O00618,P023,2,13478
1333,O00614,P009,3,
1334,O01023,P041,4,
1335,O00978,P055,1,24933
1336,O00136,P078,,46377
1337,O00254,P006,1,88123
1338,O00273,P010,1,
1339,O00825,P076,3,
1340,O00107,P041,2,
1341,O01170,P040,,37562
1342,O00720,P063,,67007
1343,O00043,P007,3,63661
1344,O00614,P026,0,
1345,O00496,P029,1,86292
1346,O00523,P015,2,85305
1347,O00194,P021,4,2678
1348,O00809,P010,4,
1349,O00681,P010,,
1350,O00580,P015,0,87369
1351,O00973,P026,4,
1352,O00720,P018,0,87099
1353,O01001,P061,0,71257
1354,O00121,P033,0,11965
1355,O01045,P053,0,17936
1356,O00277,P010,2,87063
1357,O00297,P019,,
1358,O00647,P043,0,
1359,O00466,P056,0,
1360,O00859,P076,,
1361,O01163,P026,0,68997
1362,O00072,P079,2,82232
1363,O00830,P051,,32945
1364,O00894,P050,1,78253
1365,O00119,P068,,
1366,O00572,P014,,60647
1367,O00993,P052,4,
1368,O00383,P055,1,53094
1369,O00338,P026,3,
1370,O00070,P034,3,
1371,O00940,P042,0,
1372,O01191,P076,2,89156
1373,O00452,P017,4,
1374,O01052,P036,4,25557
1375,O00207,P016,1,
1376,O00569,P048,4,45360
1377,O01157,P059,1,24694
1378,O00820,P033,2,20039
1379,O00803,P079,0,4318
1380,O01068,P059,,
1381,O00971,P068,1,79414
1382,O00725,P041,4,76875
1383,O01038,P054,2,
1384,O00179,P078,1,
1385,O00396,P035,0,
1386,O00898,P072,0,49574
1387,O00462,P059,3,77964
1388,O00340,P054,2,
1389,O00271,P055,,
1390,O00737,P023,3,
1391,O00954,P073,,64669
1392,O00282,P072,0,
1393,O01034,P061,3,
1394,O00929,P071,3,
1395,O00397,P077,2,50487
1396,O00331,P052,4,
1397,O00042,P052,3,64867
1398,O00698,P036,3,69624
1399,O00216,P013,3,
1400,O00292,P076,1,54344
1401,O00311,P079,4,59283
1402,O00936,P013,0,
1403,O00873,P003,3,
1404,O01141,P019,1,
1405,O00323,P029,1,30899
1406,O00863,P028,,
1407,O00412,P002,,
1408,O00465,P033,4,
1409,O00485,P054,,24720
1410,O00435,P017,3,
1411,O00366,P055,3,
1412,O00693,P008,2,
1413,O00301,P030,4,
1414,O01012,P047,1,
1415,O01102,P009,3,
1416,O00236,P071,,26470
1417,O00908,P076,2,
1418,O01169,P041,2,10707
1419,O00245,P050,4,
1420,O00327,P039,2,53326
1421,O00508,P022,0,86883
1422,O01165,P065,4,15354
1423,O00634,P061,0,10258
1424,O01159,P064,2,56123
1425,O00435,P068,0,53379
1426,O00392,P055,4,9573
1427,O00549,P023,3,88815
1428,O00462,P063,4,
1429,O01158,P030,1,54048
1430,O00067,P040,,
1431,O00760,P040,4,75390
1432,O00127,P007,1,
1433,O00126,P014,,36532
1434,O00086,P060,3,
1435,O00792,P057,0,
1436,O00755,P002,4,
1437,O00497,P002,3,1509
1438,O01157,P063,3,
1439,O01103,P074,1,82821
1440,O00177,P070,3,9813
1441,O00547,P049,0,14029
1442,O01161,P035,1,28431
1443,O00927,P029,3,57922
1444,O00234,P062,1,
1445,O00509,P010,0,
1446,O00631,P054,0,43685
1447,O01169,P006,,46204
1448,O00318,P052,,54725
1449,O00899,P048,3,31760
1450,O00627,P043,2,62152
1451,O00716,P067,0,
1452,O00009,P055,,59375
1453,O00692,P047,,22627
1454,O00884,P044,2,
1455,O00375,P059,2,30185
1456,O00376,P080,2,
1457,O00426,P072,0,
1458,O00779,P039,4,31556
1459,O00459,P048,,
1460,O01150,P033,1,51419
1461,O00400,P002,4,88990
1462,O00091,P077,,
1463,O00863,P048,2,46431
1464,O01141,P055,2,3792
1465,O01166,P052,3,57691
1466,O01133,P038,,89418
1467,O00631,P053,1,
1468,O00315,P002,4,63506
1469,O00502,P076,4,
1470,O00117,P014,0,1079
1471,O00355,P007,4,43173
1472,O00098,P008,,
1473,O00872,P072,3,
1474,O00284,P056,1,
1475,O00419,P056,3,
1476,O00370,P004,0,37797
1477,O00131,P061,2,
1478,O00613,P060,0,80163
1479,O01041,P014,1,
1480,O00147,P046,3,65993
1481,O00164,P077,2,
1482,O00863,P060,0,
1483,O00206,P023,4,55038
1484,O00593,P017,,61500
1485,O00377,P043,2,
1486,O01051,P022,,6565
1487,O00041,P076,1,
1488,O00489,P043,2,72197
1489,O00822,P022,0,
1490,O00400,P053,4,16242
1491,O00971,P014,0,20844
1492,O00778,P043,0,
1493,O00862,P034,1,78401
1494,O00715,P031,2,
1495,O00985,P026,0,
1496,O01153,P029,1,
1497,O00949,P018,0,36001
1498,O00871,P008,4,
1499,O00970,P038,,9035
1500,O00111,P022,0,
1501,O01133,P059,3,
1502,O00433,P018,0,40538
1503,O00559,P067,2,85858
1504,O00279,P023,4,51782
1505,O00441,P033,4,
1506,O00921,P037,4,
1507,O00507,P040,0,36892
1508,O00340,P046,4,33313
1509,O00773,P059,3,
1510,O00455,P057,1,88505
1511,O00201,P068,0,
1512,O00676,P010,3,71689
1513,O00530,P031,1,52620
1514,O00186,P045,3,25258
1515,O00805,P072,1,80267
1516,O01116,P035,2,21321
1517,O00142,P067,4,18177
1518,O00598,P058,1,
1519,O00168,P072,0,
1520,O01124,P076,3,56239
1521,O00746,P072,4,76123
1522,O00253,P025,2,42362
1523,O00811,P058,3,2885
1524,O00963,P060,,
1525,O00478,P003,1,
1526,O01067,P073,0,
1527,O01022,P058,,57209
1528,O00633,P025,4,56143
1529,O00640,P068,4,
1530,O01188,P060,0,
1531,O00828,P047,,47827
1532,O00015,P075,2,56095
1533,O00685,P073,0,
1534,O00727,P073,0,
1535,O00429,P033,0,37976
1536,O01041,P077,,
1537,O00293,P032,,
1538,O00225,P040,3,
1539,O01184,P065,2,
1540,O00681,P023,2,84153
1541,O01095,P052,1,39657
1542,O00674,P059,,
1543,O00442,P055,,31189
1544,O00934,P031,0,
1545,O00125,P002,,
1546,O00559,P065,0,
1547,O00504,P030,0,28606
1548,O00494,P014,0,
1549,O00911,P042,4,
1550,O00495,P067,3,
1551,O00525,P069,2,24661
1552,O00490,P057,2,
1553,O00895,P004,0,3445
1554,O01140,P079,2,54464
1555,O00703,P034,4,63714
1556,O00353,P028,2,
1557,O00135,P042,3,39688
1558,O00644,P048,4,
1559,O00271,P018,1,54965
1560,O00006,P054,2,
1561,O00528,P029,2,53433
1562,O01156,P030,0,
1563,O00842,P069,,60021
1564,O00979,P007,2,
1565,O00888,P024,0,23386
1566,O00360,P059,1,
1567,O01089,P041,0,60933
1568,O01085,P004,,6621
1569,O00718,P035,4,
1570,O00827,P054,4,
1571,O00041,P004,2,
1572,O00615,P032,2,74348
1573,O00999,P017,1,25381
1574,O00461,P054,0,58260
1575,O00988,P013,2,
1576,O00644,P037,3,
1577,O00791,P055,2,41807
1578,O00143,P032,,
1579,O01023,P028,4,34950
1580,O00311,P023,1,62580
1581,O00094,P054,2,65125
1582,O01042,P059,1,11925
1583,O00513,P035,4,33402
1584,O00576,P010,3,
1585,O00620,P060,,6238
1586,O00280,P010,,
1587,O00179,P016,4,
1588,O00100,P070,4,78750
1589,O01122,P042,,
1590,O00072,P016,,80099
1591,O00830,P034,,40941
1592,O00350,P021,,
1593,O00268,P054,,68910
1594,O00615,P048,0,3449
1595,O00405,P080,,
1596,O00176,P065,1,
1597,O00796,P010,2,75192
1598,O00721,P018,3,
1599,O00431,P053,1,
1600,O00637,P032,,89672
1601,O00843,P078,2,
1602,O00024,P045,,47069
1603,O00259,P076,4,47864
1604,O00409,P075,0,78121
1605,O00227,P037,4,34495
1606,O00627,P039,1,26246
1607,O00717,P033,0,3008
1608,O00025,P062,1,13145
1609,O00193,P071,1,
1610,O00459,P015,1,45033
1611,O00338,P065,1,30235
1612,O00015,P061,1,41497
1613,O00131,P012,1,8460
1614,O00606,P068,3,
1615,O00816,P076,1,
1616,O00197,P079,2,52318
1617,O01006,P074,3,57819
1618,O00272,P058,3,22941
1619,O00823,P036,,37288
1620,O00928,P023,1,75748
1621,O00517,P039,3,
1622,O00728,P077,4,
1623,O00106,P036,,58708
1624,O00462,P052,3,89941
1625,O00292,P037,0,15033
1626,O00927,P024,1,
1627,O00456,P074,4,
1628,O01159,P048,,
1629,O00950,P079,,
1630,O00241,P072,4,
1631,O00931,P061,3,
1632,O00995,P070,4,29335
1633,O00485,P059,2,6466
1634,O01117,P048,1,
1635,O00299,P053,1,
1636,O00380,P041,4,
1637,O00669,P043,3,1512
1638,O00705,P033,1,
1639,O00863,P077,3,43889
1640,O01051,P019,,55473
1641,O00238,P017,3,48128
1642,O00612,P052,2,
1643,O00729,P055,3,
1644,O00749,P067,1,
1645,O01114,P022,3,37979
1646,O00228,P039,1,49745
1647,O00872,P064,,72978
1648,O00827,P002,,64082
1649,O00695,P013,2,
1650,O00715,P012,1,
1651,O00565,P006,,
1652,O01157,P074,1,32639
1653,O00788,P038,,3939
1654,O00102,P040,0,
1655,O00548,P071,3,19203
1656,O00016,P048,2,
1657,O00199,P022,4,16612
1658,O00826,P022,4,7671
1659,O01118,P039,4,
1660,O00113,P062,3,
1661,O00034,P028,3,1648
1662,O01122,P080,,
1663,O00235,P013,2,36135
1664,O00730,P076,4,
1665,O00685,P022,1,
1666,O00896,P065,,
1667,O00459,P037,3,4233
1668,O00998,P076,,45890
1669,O00112,P056,2,
1670,O01032,P076,3,
1671,O00171,P075,4,88284
1672,O01026,P062,4,
1673,O01008,P040,3,
1674,O00431,P071,3,
1675,O00498,P072,4,
1676,O00182,P056,2,34557
1677,O00790,P072,,
1678,O00122,P020,0,
1679,O01159,P008,1,23334
1680,O00577,P005,0,66857
1681,O00612,P003,,
1682,O00091,P018,1,67465
1683,O00466,P074,4,35034
1684,O00261,P017,,85695
1685,O00249,P043,1,44514
1686,O00295,P029,0,
1687,O01131,P052,2,35419
1688,O01077,P022,1,
1689,O01152,P050,,
1690,O00263,P052,3,52743
1691,O00904,P044,1,
1692,O00953,P068,4,
1693,O00552,P005,2,
1694,O00744,P023,3,31748
1695,O00412,P080,2,
1696,O01174,P021,3,88435
1697,O00483,P033,4,
1698,O00035,P076,1,
1699,O00627,P040,4,
1700,O00828,P042,4,47042
1701,O01048,P066,,65148
1702,O00026,P016,3,38225
1703,O00835,P059,2,29358
1704,O00540,P025,1,14994
1705,O00604,P066,3,
1706,O00340,P062,0,58845
1707,O00827,P067,,17737
1708,O00992,P031,3,18396
1709,O00833,P020,3,
1710,O00192,P031,4,
1711,O00425,P024,,
1712,O00233,P063,1,
1713,O00533,P062,0,
1714,O00853,P066,2,53958
1715,O00438,P036,,25228
1716,O00594,P029,1,5953
1717,O00802,P039,4,
1718,O00495,P061,0,
1719,O00081,P006,2,
1720,O00693,P076,1,44206
1721,O00878,P031,4,57731
1722,O00137,P010,0,47877
1723,O00043,P055,0,
1724,O00387,P039,,37935
1725,O00833,P059,,61801
1726,O00473,P076,,
1727,O01042,P040,0,
1728,O00410,P037,0,70501
1729,O00015,P051,0,
1730,O00605,P001,0,37769
1731,O01053,P076,3,6891
1732,O01107,P055,1,
1733,O00431,P007,,
1734,O00753,P036,1,42028
1735,O00290,P077,2,
1736,O00178,P052,,72352
1737,O00905,P046,2,
1738,O00457,P044,1,86168
1739,O00927,P020,1,25732
1740,O00824,P017,2,84077
1741,O00092,P031,4,79272
1742,O00325,P017,4,
1743,O01120,P060,2,
1744,O00383,P040,2,14696
1745,O00866,P010,4,34089
1746,O00835,P050,,53856
1747,O00102,P044,4,
1748,O00451,P029,0,20997
1749,O00863,P061,2,
1750,O00928,P061,1,23706
1751,O01191,P034,0,12394
1752,O00635,P043,4,
1753,O00846,P058,2,82476
1754,O00665,P076,2,78596
1755,O00896,P057,3,56595
1756,O01161,P022,3,61496
1757,O00580,P079,4,54019
1758,O00939,P015,1,62680
1759,O00031,P038,,
1760,O00309,P068,0,68387
1761,O01072,P062,0,81703
1762,O00332,P028,2,2083
1763,O00987,P047,4,61995
1764,O01035,P032,2,9582
1765,O00871,P006,3,53417
1766,O00515,P059,1,18241
1767,O00820,P042,4,35319
1768,O00580,P015,3,
1769,O00490,P010,,24011
1770,O00118,P039,1,
1771,O00128,P013,3,
1772,O00900,P058,0,
1773,O00308,P018,0,16859
1774,O00586,P012,4,69259
1775,O00896,P030,3,40678
1776,O00338,P035,2,40862
1777,O00748,P049,0,
1778,O00591,P052,,21522
1779,O00040,P043,,
1780,O00795,P001,4,
1781,O00653,P070,0,
1782,O00226,P045,3,
1783,O00901,P019,1,17288
1784,O00192,P057,0,10414
1785,O00783,P056,2,
1786,O00690,P074,,
1787,O00009,P040,2,
1788,O00812,P038,3,60117
1789,O00777,P050,3,
1790,O00737,P020,1,49753
1791,O00110,P018,1,
1792,O00681,P037,1,
1793,O00331,P032,1,38474
1794,O00178,P020,3,38468
1795,O01181,P043,2,77000
1796,O00044,P014,,
1797,O00560,P050,,
1798,O00344,P067,4,1675
1799,O00171,P072,2,
1800,O00783,P059,,57633
1801,O01055,P066,3,67599
1802,O00536,P008,,51763
1803,O00814,P017,,59615
1804,O00462,P011,4,
1805,O00977,P058,0,
1806,O00848,P012,2,11798
1807,O00909,P022,1,
1808,O00141,P044,4,80615
1809,O00315,P078,2,12662
1810,O00879,P076,0,
1811,O00013,P053,2,
1812,O00044,P008,1,
1813,O00851,P035,3,
1814,O00575,P080,0,80491
1815,O00217,P060,1,
1816,O00137,P029,4,79181
1817,O00521,P052,0,31560
1818,O00257,P021,,57252
1819,O00873,P007,0,20482
1820,O00868,P029,2,34307
1821,O00128,P010,1,19399
1822,O00785,P004,2,21949
1823,O00670,P017,3,
1824,O00613,P056,,
1825,O00009,P030,0,
1826,O00439,P019,4,
1827,O00158,P028,4,23752
1828,O01178,P048,2,
1829,O01088,P013,,34006
1830,O00063,P062,2,
1831,O00098,P072,1,
1832,O00117,P075,2,76545
1833,O00710,P074,2,2501
1834,O00783,P048,0,
1835,O00385,P011,3,
1836,O00333,P038,4,71798
1837,O00766,P069,3,
1838,O00638,P026,0,
1839,O00889,P044,0,61684
1840,O00816,P076,3,
1841,O00796,P063,0,
1842,O00091,P054,4,32153
1843,O00618,P050,2,
1844,O01086,P032,4,
1845,O00754,P033,4,
1846,O00769,P044,,20551
1847,O00588,P022,4,37050
1848,O00225,P009,3,29485
1849,O01000,P059,2,
1850,O01012,P062,,22960
1851,O00878,P060,,
1852,O01109,P043,3,
1853,O01135,P011,1,66729
1854,O00903,P049,,17934
1855,O00513,P011,1,
1856,O01020,P040,,
1857,O00925,P046,3,
1858,O00592,P025,2,
1859,O00070,P058,2,
1860,O01080,P043,1,
1861,O00440,P012,0,
1862,O00996,P062,3,25045
1863,O00706,P067,0,85639
1864,O00260,P012,1,8773
1865,O01122,P036,,82191
1866,O00035,P020,0,
1867,O01101,P064,0,
1868,O00790,P034,0,77081
1869,O00154,P022,1,
1870,O00064,P070,4,67368
1871,O00647,P052,0,
1872,O00288,P080,2,
1873,O00480,P003,3,
1874,O00012,P062,1,
1875,O00772,P012,0,73196
1876,O00309,P006,2,
1877,O00581,P048,3,
1878,O00520,P026,0,28233
1879,O00462,P058,3,16821
1880,O01042,P046,2,77952
1881,O00926,P056,2,
1882,O00323,P072,4,16170
1883,O00565,P058,1,30080
1884,O01103,P054,1,
1885,O00541,P073,0,
1886,O01023,P077,,
1887,O00212,P057,2,38519
1888,O00657,P051,,76599
1889,O00013,P032,2,
1890,O00021,P039,2,87975
1891,O00335,P014,0,
1892,O00659,P067,3,35007
1893,O00554,P006,3,
1894,O00271,P031,0,24853
1895,O01075,P052,2,45552
1896,O00590,P017,0,77242
1897,O00436,P030,4,
1898,O00037,P052,3,
1899,O00204,P031,,84047
1900,O00016,P020,1,68521
1901,O00254,P049,0,
1902,O01083,P020,1,
1903,O01189,P010,0,
1904,O00312,P031,3,
1905,O00753,P018,0,74253
1906,O00802,P021,3,37593
1907,O00358,P020,0,22412
1908,O00414,P078,3,
1909,O00027,P033,1,30928
1910,O00085,P006,3,74364
1911,O00726,P068,1,45680
1912,O01099,P060,1,55173
1913,O00100,P059,4,28604
1914,O00816,P013,0,
1915,O00535,P033,,25126
1916,O00960,P077,0,
1917,O00593,P028,4,
1918,O00182,P025,0,
1919,O00871,P075,2,72184
1920,O00488,P008,,
1921,O00855,P047,4,21102
1922,O00989,P010,3,
1923,O00708,P033,1,18943
1924,O01109,P055,,
1925,O00473,P023,2,
1926,O01188,P030,4,1645
1927,O00277,P073,,35128
1928,O00792,P028,4,58938
1929,O00870,P010,1,30058
1930,O00218,P007,1,
